{
    "openapi": "3.0.0",
    "info": {
        "title": "Docexa Doctor Micro Service API",
        "description": "Docexa Doctor Micro Service API",
        "termsOfService": "https://docexa.com/",
        "contact": {
            "email": "satish.soni@globalspace.in"
        },
        "version": "1.0.0"
    },
    "servers": [
        {
            "url": "http://apidev.docexa.com/v1"
        },
        {
            "url": "https://apidev.docexa.com/v1"
        },
        {
            "url": "http://apidev.docexa.com/v2"
        },
        {
            "url": "https://apidev.docexa.com/v2"
        }
    ],
    "paths": {
        "/auth/otp/{mobileno}": {
            "get": {
                "tags": [
                    "Auth"
                ],
                "operationId": "App\\Http\\Controllers\\DoctorsApi::sendOtp",
                "parameters": [
                    {
                        "name": "mobileno",
                        "in": "path",
                        "description": "mobile no",
                        "required": true,
                        "schema": {
                            "type": "number"
                        },
                        "example": 7208613316
                    }
                ],
                "responses": {
                    "200": {
                        "description": "sent otp to mobile no",
                        "content": {
                            "application/json": {
                                "schema": {
                                    "properties": {
                                        "success": {
                                            "type": "string",
                                            "example": "success"
                                        }
                                    },
                                    "type": "object"
                                }
                            }
                        }
                    },
                    "400": {
                        "description": "Error: Bad request. required parameters is not supplied.",
                        "content": {
                            "application/json": {
                                "schema": {
                                    "properties": {
                                        "error": {
                                            "type": "string",
                                            "example": "mobile no not found"
                                        }
                                    },
                                    "type": "object"
                                }
                            }
                        }
                    }
                }
            }
        },
        "/masterdata": {
            "get": {
                "tags": [
                    "Doctors"
                ],
                "operationId": "App\\Http\\Controllers\\DoctorsApi::masterdata",
                "responses": {
                    "200": {
                        "description": "master data",
                        "content": {
                            "application/json": {
                                "schema": {
                                    "properties": {
                                        "success": {
                                            "type": "string",
                                            "example": "success"
                                        }
                                    },
                                    "type": "object"
                                }
                            }
                        }
                    }
                }
            }
        },
        "/fileupload": {
            "post": {
                "tags": [
                    "Doctors"
                ],
                "summary": "upload files",
                "description": "image upload",
                "operationId": "image",
                "requestBody": {
                    "required": true,
                    "content": {
                        "multipart/form-data": {
                            "schema": {
                                "properties": {
                                    "image": {
                                        "description": "documentType",
                                        "type": "file",
                                        "items": {
                                            "type": "string",
                                            "format": "binary"
                                        }
                                    }
                                },
                                "type": "object"
                            }
                        }
                    }
                },
                "responses": {
                    "200": {
                        "description": "Returns doctors data"
                    },
                    "400": {
                        "description": "information not found response"
                    }
                }
            }
        },
        "/auth/login": {
            "post": {
                "tags": [
                    "Auth"
                ],
                "summary": "login doctor",
                "description": "login doctor",
                "operationId": "login",
                "requestBody": {
                    "description": "Pass doctor details",
                    "required": true,
                    "content": {
                        "application/json": {
                            "schema": {
                                "properties": {
                                    "otp": {
                                        "type": "string",
                                        "example": "100"
                                    },
                                    "mobileNo": {
                                        "type": "number",
                                        "example": "8871148266"
                                    },
                                    "email": {
                                        "type": "string",
                                        "example": "rajesh@gmail.com"
                                    },
                                    "password": {
                                        "type": "string",
                                        "example": "welcome@"
                                    }
                                },
                                "type": "object"
                            }
                        }
                    }
                },
                "responses": {
                    "200": {
                        "description": "Returns doctors data",
                        "content": {
                            "application/json": {
                                "schema": {
                                    "properties": {
                                        "first_name": {
                                            "type": "string",
                                            "example": "satish"
                                        },
                                        "last_name": {
                                            "type": "string",
                                            "example": "soni"
                                        },
                                        "city": {
                                            "type": "string",
                                            "example": "mumbai"
                                        },
                                        "speciality": {
                                            "type": "string",
                                            "example": ""
                                        },
                                        "fee": {
                                            "type": "string",
                                            "example": "0"
                                        },
                                        "profilePicture": {
                                            "type": "string",
                                            "example": "http://apidev.docexa.in/upload/doctor/profile/ProfileImages/docexa_default_image.png"
                                        }
                                    },
                                    "type": "object"
                                }
                            }
                        }
                    },
                    "400": {
                        "description": "Error: Bad request. required parameters is not supplied.",
                        "content": {
                            "application/json": {
                                "schema": {
                                    "properties": {
                                        "message": {
                                            "type": "string",
                                            "example": "user not found"
                                        }
                                    },
                                    "type": "object"
                                }
                            }
                        }
                    }
                }
            }
        },
        "/doctors/{handle}": {
            "get": {
                "tags": [
                    "Doctors"
                ],
                "operationId": "App\\Http\\Controllers\\DoctorsApi::addPet",
                "parameters": [
                    {
                        "name": "handle",
                        "in": "path",
                        "description": "unique personal handle for a doc",
                        "required": true,
                        "schema": {
                            "type": "string"
                        },
                        "example": "drpadmanaban"
                    },
                    {
                        "name": "sku_id",
                        "in": "query",
                        "description": "sku id",
                        "required": false,
                        "schema": {
                            "type": "string"
                        },
                        "example": "1"
                    }
                ],
                "responses": {
                    "200": {
                        "description": "Returns doctors data",
                        "content": {
                            "application/json": {
                                "schema": {
                                    "properties": {
                                        "first_name": {
                                            "type": "string",
                                            "example": "satish"
                                        },
                                        "last_name": {
                                            "type": "string",
                                            "example": "soni"
                                        },
                                        "city": {
                                            "type": "string",
                                            "example": "mumbai"
                                        },
                                        "speciality": {
                                            "type": "string",
                                            "example": ""
                                        },
                                        "fee": {
                                            "type": "string",
                                            "example": "0"
                                        },
                                        "profilePicture": {
                                            "type": "string",
                                            "example": "http://apidev.docexa.in/upload/doctor/profile/ProfileImages/docexa_default_image.png"
                                        }
                                    },
                                    "type": "object"
                                }
                            }
                        }
                    },
                    "400": {
                        "description": "Error: Bad request. required parameters is not supplied.",
                        "content": {
                            "application/json": {
                                "schema": {
                                    "properties": {
                                        "message": {
                                            "type": "string",
                                            "example": "handle not found"
                                        }
                                    },
                                    "type": "object"
                                }
                            }
                        }
                    }
                }
            }
        },
        "/doctors/register": {
            "post": {
                "tags": [
                    "Doctors"
                ],
                "summary": "register doctor",
                "description": "register doctor by his/her assistant or doctor himself/herself",
                "operationId": "register",
                "requestBody": {
                    "description": "Pass doctor details",
                    "required": true,
                    "content": {
                        "application/json": {
                            "schema": {
                                "properties": {
                                    "is_user_doctor": {
                                        "type": "number",
                                        "example": "1"
                                    },
                                    "doctor": {
                                        "type": "array",
                                        "items": {
                                            "properties": {
                                                "firstName": {
                                                    "type": "string",
                                                    "format": "text",
                                                    "example": "satish"
                                                },
                                                "lastName": {
                                                    "type": "string",
                                                    "format": "text",
                                                    "example": "soni"
                                                },
                                                "mobileNo": {
                                                    "type": "integer",
                                                    "example": "7208613316"
                                                }
                                            },
                                            "type": "object"
                                        }
                                    },
                                    "assistant": {
                                        "type": "array",
                                        "items": {
                                            "properties": {
                                                "firstName": {
                                                    "type": "string",
                                                    "format": "text",
                                                    "example": "satish"
                                                },
                                                "lastName": {
                                                    "type": "string",
                                                    "format": "text",
                                                    "example": "soni"
                                                },
                                                "mobileNo": {
                                                    "type": "integer",
                                                    "example": "7208613316"
                                                }
                                            },
                                            "type": "object"
                                        }
                                    },
                                    "otp": {
                                        "type": "number",
                                        "example": "123456"
                                    },
                                    "step": {
                                        "type": "number",
                                        "example": "1"
                                    },
                                    "registration_done": {
                                        "type": "number",
                                        "example": "0"
                                    }
                                },
                                "type": "object"
                            }
                        }
                    }
                },
                "responses": {
                    "200": {
                        "description": "Returns doctors data"
                    },
                    "400": {
                        "description": "information not found response"
                    }
                }
            }
        },
        "/doctors/registerprecheck": {
            "post": {
                "tags": [
                    "Doctors"
                ],
                "summary": "register check and generate otp doctor",
                "description": "register doctor by his/her assistant or doctor himself/herself",
                "operationId": "registercheck",
                "requestBody": {
                    "description": "Pass doctor details",
                    "required": true,
                    "content": {
                        "application/json": {
                            "schema": {
                                "properties": {
                                    "is_user_doctor": {
                                        "type": "number",
                                        "example": "1"
                                    },
                                    "mobileNo": {
                                        "type": "number",
                                        "example": "7208613316"
                                    }
                                },
                                "type": "object"
                            }
                        }
                    }
                },
                "responses": {
                    "200": {
                        "description": "Returns doctors data"
                    },
                    "400": {
                        "description": "information not found response"
                    }
                }
            }
        },
        "/doctors/update": {
            "post": {
                "tags": [
                    "Doctors"
                ],
                "summary": "update doctor data",
                "description": "",
                "operationId": "update",
                "requestBody": {
                    "description": "Pass doctor details",
                    "required": true,
                    "content": {
                        "application/json": {
                            "schema": {
                                "properties": {
                                    "is_user_doctor": {
                                        "type": "number",
                                        "example": "1"
                                    },
                                    "id": {
                                        "type": "number",
                                        "example": "42175"
                                    },
                                    "doctor_fee": {
                                        "type": "number",
                                        "example": "10"
                                    },
                                    "doctor_city": {
                                        "type": "string",
                                        "example": "mumbai"
                                    },
                                    "doctor_mr_no": {
                                        "type": "string",
                                        "example": "1001"
                                    },
                                    "speciality_id": {
                                        "type": "int",
                                        "example": "1"
                                    },
                                    "doctor_profile_pic": {
                                        "type": "file",
                                        "example": ""
                                    },
                                    "doctor_pic": {
                                        "type": "file",
                                        "example": ""
                                    },
                                    "step": {
                                        "type": "number",
                                        "example": "2/3/4"
                                    },
                                    "handle": {
                                        "type": "text",
                                        "example": "satish"
                                    },
                                    "email": {
                                        "type": "text",
                                        "example": "satish.soni@globalspace.in"
                                    },
                                    "password": {
                                        "type": "text",
                                        "example": "welcome"
                                    }
                                },
                                "type": "object"
                            }
                        }
                    }
                },
                "responses": {
                    "200": {
                        "description": "Returns doctors data"
                    },
                    "400": {
                        "description": "information not found response"
                    }
                }
            }
        },
        "/establishments/users/{esteblishmentusermapID}/skus": {
            "get": {
                "tags": [
                    "Establishments"
                ],
                "operationId": "App\\Http\\Controllers\\DoctorsApi::skudetails",
                "parameters": [
                    {
                        "name": "esteblishmentusermapID",
                        "in": "path",
                        "description": "esteblishmentusermapID",
                        "required": true,
                        "schema": {
                            "type": "number"
                        },
                        "example": 6257
                    }
                ],
                "responses": {
                    "200": {
                        "description": "sku detail master data",
                        "content": {
                            "application/json": {
                                "schema": {
                                    "properties": {
                                        "success": {
                                            "type": "string",
                                            "example": "success"
                                        }
                                    },
                                    "type": "object"
                                }
                            }
                        }
                    },
                    "400": {
                        "description": "Error: Bad request. required parameters is not supplied.",
                        "content": {
                            "application/json": {
                                "schema": {
                                    "properties": {
                                        "error": {
                                            "type": "string",
                                            "example": "esteblishment User Map ID not found"
                                        }
                                    },
                                    "type": "object"
                                }
                            }
                        }
                    }
                }
            }
        },
        "/appointment": {
            "post": {
                "tags": [
                    "Appointment"
                ],
                "summary": "appointment data",
                "description": "",
                "operationId": "list appointment ",
                "requestBody": {
                    "description": "Pass filter",
                    "content": {
                        "application/json": {
                            "schema": {
                                "properties": {
                                    "is_user_doctor": {
                                        "type": "number",
                                        "example": "1"
                                    },
                                    "user_map_id": {
                                        "type": "number",
                                        "example": "6257"
                                    },
                                    "from_date": {
                                        "type": "date",
                                        "example": "2021-03-01"
                                    },
                                    "end_date": {
                                        "type": "date",
                                        "example": "2021-03-20"
                                    }
                                },
                                "type": "object"
                            }
                        }
                    }
                },
                "responses": {
                    "200": {
                        "description": "Returns appointment data"
                    },
                    "400": {
                        "description": "information not found response"
                    }
                }
            }
        },
        "/appointment/{appointment_encrypted_id}": {
            "get": {
                "tags": [
                    "Appointment"
                ],
                "operationId": "App\\Http\\Controllers\\DoctorsApi::appointment",
                "parameters": [
                    {
                        "name": "appointment_encrypted_id",
                        "in": "path",
                        "description": "appointment_encrypted_id",
                        "required": true,
                        "schema": {
                            "type": "string"
                        },
                        "example": "032dd17b77fab7d51a476c5ff2b5659c"
                    }
                ],
                "responses": {
                    "200": {
                        "description": "Returns appointment data"
                    },
                    "400": {
                        "description": "information not found response"
                    }
                }
            }
        },
        "/appointment/update": {
            "post": {
                "tags": [
                    "Appointment"
                ],
                "summary": "appointment update",
                "description": "",
                "operationId": "appointment update",
                "requestBody": {
                    "description": "Pass appointment details\n     *  Status Master\n     * 1\tAppointment Created\n     * 2\tAppointment schedule\n     * 3\tAppointment Cancel\n     * 4\tcall done\n     * 5\tCall not done\n     * 6\tAppointment Rejected",
                    "required": true,
                    "content": {
                        "application/json": {
                            "schema": {
                                "properties": {
                                    "bookingID": {
                                        "type": "string",
                                        "example": "032dd17b77fab7d51a476c5ff2b5659c"
                                    },
                                    "scheduletimestamp": {
                                        "type": "datetime",
                                        "example": "2021-03-17 13:01"
                                    },
                                    "slot_size": {
                                        "type": "string",
                                        "example": "15"
                                    },
                                    "user_map_id": {
                                        "type": "number",
                                        "example": "6257"
                                    },
                                    "status": {
                                        "type": "integer",
                                        "example": "1"
                                    },
                                    "remark": {
                                        "type": "string",
                                        "example": ""
                                    }
                                },
                                "type": "object"
                            }
                        }
                    }
                },
                "responses": {
                    "200": {
                        "description": "Returns appointment data"
                    },
                    "400": {
                        "description": "information not found response"
                    }
                }
            }
        },
        "/establishments/users/{esteblishmentusermapID}/slots": {
            "get": {
                "tags": [
                    "Establishments"
                ],
                "operationId": "App\\Http\\Controllers\\DoctorsApi::slotdetails",
                "parameters": [
                    {
                        "name": "esteblishmentusermapID",
                        "in": "path",
                        "description": "esteblishmentusermapID",
                        "required": true,
                        "schema": {
                            "type": "number"
                        },
                        "example": 6257
                    },
                    {
                        "name": "date",
                        "in": "query",
                        "description": "date",
                        "required": true,
                        "schema": {
                            "type": "string"
                        },
                        "example": "2021-03-18"
                    }
                ],
                "responses": {
                    "200": {
                        "description": "slot detail master data",
                        "content": {
                            "application/json": {
                                "schema": {
                                    "properties": {
                                        "success": {
                                            "type": "string",
                                            "example": "success"
                                        }
                                    },
                                    "type": "object"
                                }
                            }
                        }
                    },
                    "400": {
                        "description": "Error: Bad request. required parameters is not supplied.",
                        "content": {
                            "application/json": {
                                "schema": {
                                    "properties": {
                                        "error": {
                                            "type": "string",
                                            "example": "esteblishment User Map ID not found"
                                        }
                                    },
                                    "type": "object"
                                }
                            }
                        }
                    }
                }
            }
        },
        "/establishments/users/{esteblishmentusermapID}/dashboard": {
            "get": {
                "tags": [
                    "Establishments"
                ],
                "operationId": "App\\Http\\Controllers\\DoctorsApi::dashboard",
                "parameters": [
                    {
                        "name": "esteblishmentusermapID",
                        "in": "path",
                        "description": "esteblishmentusermapID",
                        "required": true,
                        "schema": {
                            "type": "number"
                        },
                        "example": 6257
                    }
                ],
                "responses": {
                    "200": {
                        "description": "key statics",
                        "content": {
                            "application/json": {
                                "schema": {
                                    "properties": {
                                        "success": {
                                            "type": "string",
                                            "example": "success"
                                        }
                                    },
                                    "type": "object"
                                }
                            }
                        }
                    },
                    "400": {
                        "description": "Error: Bad request. required parameters is not supplied.",
                        "content": {
                            "application/json": {
                                "schema": {
                                    "properties": {
                                        "error": {
                                            "type": "string",
                                            "example": "esteblishment User Map ID not found"
                                        }
                                    },
                                    "type": "object"
                                }
                            }
                        }
                    }
                }
            }
        },
        "/appointment/create": {
            "post": {
                "tags": [
                    "Appointment"
                ],
                "summary": "create appointment data",
                "description": "",
                "operationId": "createappointment",
                "requestBody": {
                    "description": "Pass appointment details",
                    "required": true,
                    "content": {
                        "application/json": {
                            "schema": {
                                "properties": {
                                    "user_map_id": {
                                        "type": "number",
                                        "example": "6257"
                                    },
                                    "patient_name": {
                                        "type": "number",
                                        "example": "satish soni"
                                    },
                                    "patient_mobile_no": {
                                        "type": "number",
                                        "example": "7208613316"
                                    },
                                    "email": {
                                        "type": "string",
                                        "example": "satish.soni@globalspace.in"
                                    },
                                    "schedule_remark": {
                                        "type": "string",
                                        "example": "available tomorrow at 10 PM "
                                    },
                                    "sku_id": {
                                        "type": "string",
                                        "example": "1"
                                    },
                                    "age": {
                                        "type": "number",
                                        "example": "30"
                                    }
                                },
                                "type": "object"
                            }
                        }
                    }
                },
                "responses": {
                    "200": {
                        "description": "Returns appointment data"
                    },
                    "400": {
                        "description": "information not found response"
                    }
                }
            }
        },
        "/payment/{appointment_encrypted_id}/charge": {
            "get": {
                "tags": [
                    "Payment"
                ],
                "summary": "create payment data",
                "description": "",
                "operationId": "createpayment",
                "parameters": [
                    {
                        "name": "appointment_encrypted_id",
                        "in": "path",
                        "description": "appointment_encrypted_id",
                        "required": true,
                        "schema": {
                            "type": "string"
                        },
                        "example": "032dd17b77fab7d51a476c5ff2b5659c"
                    }
                ],
                "responses": {
                    "200": {
                        "description": "Returns payment data"
                    },
                    "400": {
                        "description": "information not found response"
                    }
                }
            }
        },
        "/establishments/users/{esteblishmentusermapID}": {
            "delete": {
                "tags": [
                    "Establishments"
                ],
                "operationId": "App\\Http\\Controllers\\DoctorsApi::destroy",
                "parameters": [
                    {
                        "name": "esteblishmentusermapID",
                        "in": "path",
                        "description": "esteblishmentusermapID",
                        "required": false,
                        "schema": {
                            "type": "number"
                        },
                        "example": 65665
                    },
                    {
                        "name": "mobileno",
                        "in": "query",
                        "description": "mobileno",
                        "required": false,
                        "schema": {
                            "type": "number"
                        },
                        "example": 7208613316
                    }
                ],
                "responses": {
                    "200": {
                        "description": "key statics",
                        "content": {
                            "application/json": {
                                "schema": {
                                    "properties": {
                                        "success": {
                                            "type": "string",
                                            "example": "success"
                                        }
                                    },
                                    "type": "object"
                                }
                            }
                        }
                    },
                    "400": {
                        "description": "Error: Bad request. required parameters is not supplied.",
                        "content": {
                            "application/json": {
                                "schema": {
                                    "properties": {
                                        "error": {
                                            "type": "string",
                                            "example": "esteblishment User Map ID not found"
                                        }
                                    },
                                    "type": "object"
                                }
                            }
                        }
                    }
                }
            }
        },
        "/establishments/users/{esteblishmentusermapID}/token": {
            "put": {
                "tags": [
                    "Establishments"
                ],
                "operationId": "App\\Http\\Controllers\\DoctorsApi::updatetoken",
                "parameters": [
                    {
                        "name": "esteblishmentusermapID",
                        "in": "path",
                        "description": "esteblishmentusermapID",
                        "required": true,
                        "schema": {
                            "type": "number"
                        },
                        "example": 65665
                    }
                ],
                "requestBody": {
                    "description": "update token ID details",
                    "required": true,
                    "content": {
                        "application/json": {
                            "schema": {
                                "properties": {
                                    "is_user_doctor": {
                                        "type": "number",
                                        "example": "1"
                                    },
                                    "token_id": {
                                        "type": "number",
                                        "example": "etpMjUnkVcg:APA91bGUjKPs7Aa6Nz6vem2Hc7w7OHYLWFR4dsiAXtUwCo_qcPcOqESULKbd8r0K4sUG1n3NvLwnr6ryrG96gmBEcPg2G3dD2ZMAt6y2cAWbDC4r6KiWVIsjwycfR__wZlkq1xMG0wxq"
                                    },
                                    "manufacturer": {
                                        "type": "string",
                                        "example": "samsung"
                                    },
                                    "version": {
                                        "type": "string",
                                        "example": "1.0.0"
                                    },
                                    "model": {
                                        "type": "string",
                                        "example": "SM-G615F"
                                    },
                                    "platform": {
                                        "type": "string",
                                        "example": "Android"
                                    }
                                },
                                "type": "object"
                            }
                        }
                    }
                },
                "responses": {
                    "200": {
                        "description": "save token",
                        "content": {
                            "application/json": {
                                "schema": {
                                    "properties": {
                                        "success": {
                                            "type": "string",
                                            "example": "success"
                                        }
                                    },
                                    "type": "object"
                                }
                            }
                        }
                    },
                    "400": {
                        "description": "Error: Bad request. required parameters is not supplied.",
                        "content": {
                            "application/json": {
                                "schema": {
                                    "properties": {
                                        "error": {
                                            "type": "string",
                                            "example": "esteblishment User Map ID not found"
                                        }
                                    },
                                    "type": "object"
                                }
                            }
                        }
                    }
                }
            }
        },
        "/videocall/{appointment_encrypted_id}/session/create": {
            "get": {
                "tags": [
                    "Videocall"
                ],
                "operationId": "App\\Http\\Controllers\\VideoCallApi::videocallsessioncreate",
                "parameters": [
                    {
                        "name": "appointment_encrypted_id",
                        "in": "path",
                        "description": "appointment_encrypted_id",
                        "required": true,
                        "schema": {
                            "type": "string"
                        },
                        "example": "032dd17b77fab7d51a476c5ff2b5659c"
                    },
                    {
                        "name": "type",
                        "in": "query",
                        "description": "patient or doctor",
                        "required": true,
                        "schema": {
                            "type": "string"
                        },
                        "example": "patient"
                    }
                ],
                "responses": {
                    "200": {
                        "description": "key statics",
                        "content": {
                            "application/json": {
                                "schema": {
                                    "properties": {
                                        "success": {
                                            "type": "string",
                                            "example": "success"
                                        }
                                    },
                                    "type": "object"
                                }
                            }
                        }
                    },
                    "400": {
                        "description": "Error: Bad request. required parameters is not supplied.",
                        "content": {
                            "application/json": {
                                "schema": {
                                    "properties": {
                                        "error": {
                                            "type": "string",
                                            "example": "appointment_encrypted_id User Map ID not found"
                                        }
                                    },
                                    "type": "object"
                                }
                            }
                        }
                    }
                }
            }
        },
        "/videocall/{appointment_encrypted_id}/session/disconnect": {
            "get": {
                "tags": [
                    "Videocall"
                ],
                "operationId": "App\\Http\\Controllers\\VideoCallApi::videocallsessiondisconnect",
                "parameters": [
                    {
                        "name": "appointment_encrypted_id",
                        "in": "path",
                        "description": "appointment_encrypted_id",
                        "required": true,
                        "schema": {
                            "type": "string"
                        },
                        "example": "032dd17b77fab7d51a476c5ff2b5659c"
                    },
                    {
                        "name": "sessionId",
                        "in": "query",
                        "description": "sessionId",
                        "required": true,
                        "schema": {
                            "type": "string"
                        },
                        "example": "032dd17b77fab7d51a476c5ff2b5659c"
                    },
                    {
                        "name": "connectionId",
                        "in": "query",
                        "description": "connectionId",
                        "required": true,
                        "schema": {
                            "type": "string"
                        },
                        "example": "032dd17b77fab7d51a476c5ff2b5659c"
                    }
                ],
                "responses": {
                    "200": {
                        "description": "key statics",
                        "content": {
                            "application/json": {
                                "schema": {
                                    "properties": {
                                        "success": {
                                            "type": "string",
                                            "example": "success"
                                        }
                                    },
                                    "type": "object"
                                }
                            }
                        }
                    },
                    "400": {
                        "description": "Error: Bad request. required parameters is not supplied.",
                        "content": {
                            "application/json": {
                                "schema": {
                                    "properties": {
                                        "error": {
                                            "type": "string",
                                            "example": "appointment_encrypted_id User Map ID not found"
                                        }
                                    },
                                    "type": "object"
                                }
                            }
                        }
                    }
                }
            }
        },
        "/videocall/{appointment_encrypted_id}/signal": {
            "get": {
                "tags": [
                    "Videocall"
                ],
                "operationId": "App\\Http\\Controllers\\VideoCallApi::videocallsingal",
                "parameters": [
                    {
                        "name": "appointment_encrypted_id",
                        "in": "path",
                        "description": "appointment_encrypted_id",
                        "required": true,
                        "schema": {
                            "type": "string"
                        },
                        "example": "032dd17b77fab7d51a476c5ff2b5659c"
                    },
                    {
                        "name": "sessionId",
                        "in": "query",
                        "description": "sessionId",
                        "required": true,
                        "schema": {
                            "type": "string"
                        },
                        "example": "032dd17b77fab7d51a476c5ff2b5659c"
                    }
                ],
                "responses": {
                    "200": {
                        "description": "key statics",
                        "content": {
                            "application/json": {
                                "schema": {
                                    "properties": {
                                        "success": {
                                            "type": "string",
                                            "example": "success"
                                        }
                                    },
                                    "type": "object"
                                }
                            }
                        }
                    },
                    "400": {
                        "description": "Error: Bad request. required parameters is not supplied.",
                        "content": {
                            "application/json": {
                                "schema": {
                                    "properties": {
                                        "error": {
                                            "type": "string",
                                            "example": "appointment_encrypted_id User Map ID not found"
                                        }
                                    },
                                    "type": "object"
                                }
                            }
                        }
                    }
                }
            }
        }
    },
    "tags": [
        {
            "name": "Doctors",
            "description": "Everything about your Doctors"
        }
    ]
}